Reference_String,Claim_In_Paper,Status,Correct_Source,DOI,URL,Notes
[1] Avelino et al. 2019 ESEM,Founder departure affects 16% of projects; 41% survive through new developers,Verified,Avelino, G., Constantinou, E., Valente, M. T., & Serebrenik, A. (2019). On the abandonment and survival of open source projects: An empirical investigation. In 2019 ACM/IEEE International Symposium on Empirical Software Engineering and Measurement (ESEM) (pp. 1-12). IEEE.,10.1109/ESEM.2019.8870181,https://doi.org/10.1109/ESEM.2019.8870181,Verified correct
[2] Cosentino et al. 2015 SANER,Bus factor assessment algorithm,Verified,Cosentino, V., Cánovas Izquierdo, J. L., & Cabot, J. (2015). Assessing the bus factor of Git repositories. In 2015 IEEE 22nd International Conference on Software Analysis, Evolution, and Reengineering (SANER) (pp. 499-503). IEEE.,10.1109/SANER.2015.7081864,https://doi.org/10.1109/SANER.2015.7081864,Verified correct
[3] Dechange 2016 JOSS,left-pad incident case study,FABRICATED,No academic paper by "Dechange" exists. Left-pad is an industry incident documented on Wikipedia and news articles.,N/A,https://en.wikipedia.org/wiki/Npm_left-pad_incident,"FABRICATED REFERENCE: No author named ""Dechange"" found in academic databases. The left-pad incident is real but is an industry case study, not an academic publication. Should cite Wikipedia or news sources."
[4] Ait et al. 2022 MSR,Survival rate of GitHub projects,Verified,Ait, A., Cánovas Izquierdo, J. L., & Cabot, J. (2022). An empirical study on the survival rate of GitHub projects. In 2022 IEEE/ACM 19th International Conference on Mining Software Repositories (MSR) (pp. 365-375).,10.1145/3524842.3527941,https://doi.org/10.1145/3524842.3527941,Verified correct
[5] Robinson et al. 2022 ICPC,Survival analysis of Python projects,Verified,Robinson, D., Enns, K., Koulecar, N., & Sihag, M. (2022). Two approaches to survival analysis of open source Python projects. In 2022 IEEE/ACM 30th International Conference on Program Comprehension (ICPC) (pp. 660-669).,10.1145/3524610.3527871,https://doi.org/10.1145/3524610.3527871,Verified correct
[6] Cosentino et al. 2017 TSE,Bus factor of Git repositories (journal version),Verified,Cosentino, V., Cánovas Izquierdo, J. L., & Cabot, J. (2017). Assessing the bus factor of Git repositories. IEEE Transactions on Software Engineering, 43(8), 731-743.,10.1109/TSE.2016.2616306,https://doi.org/10.1109/TSE.2016.2616306,Verified but note: DOI in paper [6] is 10.1109/TSE.2017.XXXX which is incomplete. Correct DOI is 10.1109/TSE.2016.2616306
[7] Edmondson 1999 ASQ,Psychological safety in teams (misused for knowledge redundancy),Verified but MISUSED,Edmondson, A. C. (1999). Psychological safety and learning behavior in work teams. Administrative Science Quarterly, 44(2), 350-383.,10.2307/2666999,https://doi.org/10.2307/2666999,"VERIFIED but MISUSED: This paper is about PSYCHOLOGICAL SAFETY, not knowledge redundancy. The paper cites it incorrectly to support a knowledge redundancy claim. Need different source for knowledge redundancy."
[8] Zazworka et al. 2010 ECBS,Software architecture decision making (not bus factor or knowledge redundancy),Verified but IRRELEVANT,"Zazworka, N., Babar, M. A., & O'Connor, R. V. (2010). Towards a conceptual framework for expert decision making in the selection of software architecture styles. In 2010 17th IEEE International Conference and Workshops on Engineering of Computer-Based Systems (pp. 113-122). IEEE.",10.1109/ECBS.2010.24,https://doi.org/10.1109/ECBS.2010.24,"VERIFIED but IRRELEVANT: This paper is about software architecture styles, not bus factor or knowledge redundancy. Does not support the claim about bus factor/knowledge in the paper."
[9] Foucault et al. 2017 ICGSE,Developer turnover in open source,INCORRECT_AUTHORS,"Lin, B., Robles, G., & Serebrenik, A. (2017). Developer turnover in global, industrial open source projects: Insights from applying survival analysis. In 2017 IEEE 12th International Conference on Global Software Engineering (ICGSE) (pp. 11-20). IEEE.",10.1109/ICGSE.2017.11,https://doi.org/10.1109/ICGSE.2017.11,"INCORRECT: Paper title ""Developer Turnover in Global, Industrial Open Source Projects"" is by Lin, Robles & Serebrenik (2017), NOT Foucault et al. Foucault et al. have a 2015 paper ""Impact of developer turnover on quality in open-source software"" (FSE 2015)."
[10] Lisan et al. 2024 arXiv,Bus factor analysis guidance,Unable to verify,Lisan, A., Kondo, M., & Nourry, S. (2024). Guiding effort allocation in open-source software projects using bus factor analysis. arXiv preprint arXiv:2401.03303.,N/A,https://arxiv.org/abs/2401.03303,"Unable to fully verify - arXiv paper exists but need to check if authors/title are correct. Search results inconclusive."
[11] Medappa et al. 2025 Research Policy,Write access and organizational ownership impact on OSS,Verified,Medappa, P. K., Srivastava, S., & Favaron, S. D. (2025). Write access provisioning and organizational ownership in open source software projects: Exploring the impact on project novelty and survival. Research Policy, 54(1), 105284.,10.1016/j.respol.2025.105284,https://doi.org/10.1016/j.respol.2025.105284,Verified correct (very recent 2025 paper)
[12] Rashid et al. 2017 Software Process Improvement,Knowledge loss in OSS projects,Verified,Rashid, M., Clarke, P. M., & O'Connor, R. V. (2017). Exploring knowledge loss in open source software (OSS) projects. In Software Process Improvement: 24th European Conference, EuroSPI 2017 (pp. 45-56). Springer.,10.1007/978-3-319-67383-7_35,https://doi.org/10.1007/978-3-319-67383-7_35,Verified correct
[13] Rashid et al. 2020 JSEP,Proactive knowledge retention in OSS,Verified,Rashid, M., Clarke, P. M., & O'Connor, R. V. (2020). A mechanism to explore proactive knowledge retention in open source software communities. Journal of Software: Evolution and Process, 32(2), e2198.,10.1002/smr.2198,https://doi.org/10.1002/smr.2198,Verified correct
[14] Bird et al. 2010 MSR,Bias in bug-fix datasets,Verified but YEAR_INCORRECT,"Bird, C., Bachmann, A., Aune, E., Duffy, J., Bernstein, A., Filkov, V., & Devanbu, P. (2009). Fair and balanced? Bias in bug-fix datasets. In Proceedings of the 7th joint meeting of the European software engineering conference and the ACM SIGSOFT symposium on The foundations of software engineering (pp. 351-360).",10.1145/1595696.1595716,https://doi.org/10.1145/1595696.1595716,"VERIFIED but YEAR INCORRECT: Paper was published in 2009 (FSE 2009), not 2010. Also, the conference is FSE 2009, not MSR 2010."
[15] Lin et al. 2017 EmpSE,Developer turnover (same as ref [9] but different venue),INCORRECT_VENUE,"Lin, B., Robles, G., & Serebrenik, A. (2017). Developer turnover in global, industrial open source projects: Insights from applying survival analysis. In 2017 IEEE 12th International Conference on Global Software Engineering (ICGSE) (pp. 11-20). IEEE.",10.1109/ICGSE.2017.11,https://doi.org/10.1109/ICGSE.2017.11,"INCORRECT: This paper was published in ICGSE 2017, NOT Empirical Software Engineering (vol. 22, no. 6, pp. 2771-2805, 2017). The journal publication information is wrong. Also duplicates ref [9]."
[16] Kalbfleisch & Prentice 2002,Statistical Analysis of Failure Time Data (book),Verified,Kalbfleisch, J. D., & Prentice, R. L. (2002). The Statistical Analysis of Failure Time Data (2nd ed.). John Wiley & Sons.,10.1002/9781118032985,https://doi.org/10.1002/9781118032985,Verified correct (classic survival analysis book)
[17] Davidson-Pilon 2019 JOSS,lifelines Python package,Verified,Davidson-Pilon, C. (2019). lifelines: Survival analysis in Python. Journal of Open Source Software, 4(40), 1317.,10.21105/joss.01317,https://doi.org/10.21105/joss.01317,Verified correct
